{
    "Native Tokens": {
        "Bitcoin": {
            "YTD": 0.3771590265989839,
            "Apr-2024": -0.1291975609056425,
            "Mar-2024": 0.14250670504372276,
            "Feb-2024": 0.4356012583925315,
            "Jan-2024": 0.010797598425111632,
            "Dec-2023": 0.11706386024437854,
            "Nov-2023": 0.08809022469613792,
            "Oct-2023": 0.28742248133991555,
            "Sep-2023": 0.03704702121856096,
            "Aug-2023": -0.11293683599235294,
            "Jul-2023": -0.04022950819669724,
            "Jun-2023": 0.12049963262316243
        },
        "Native Tokens": {
            "YTD": 0.025447394969613013,
            "Apr-2024": -0.12922386162339583,
            "Mar-2024": 0.09306003764376247,
            "Feb-2024": 0.15227315566609168,
            "Jan-2024": -0.0650090539990007,
            "Dec-2023": 0.24011871815103758,
            "Nov-2023": 0.14406885827160498,
            "Oct-2023": 0.08905713462646547,
            "Sep-2023": -0.013751611527673901,
            "Aug-2023": -0.05804539501028483,
            "Jul-2023": 0.009193091482729399,
            "Jun-2023": -0.026575515192726273
        },
        "Native Tokens AI Autopilot Prudent": {
            "YTD": -0.00660227571998262,
            "Apr-2024": -0.08677591397809559,
            "Mar-2024": 0.059567048074636864,
            "Feb-2024": 0.08894790272012587,
            "Jan-2024": -0.05722022537548266,
            "Dec-2023": 0.19979848801289113,
            "Nov-2023": 0.12260651097236885,
            "Oct-2023": 0.06524144976846058,
            "Sep-2023": -0.0145822231392847,
            "Aug-2023": -0.04797491908819451,
            "Jul-2023": 0.009349706592044704,
            "Jun-2023": -0.03152673228124658
        },
        "Native Tokens AI Autopilot Risky": {
            "YTD": 0.009534822923236375,
            "Apr-2024": -0.10825821730366936,
            "Mar-2024": 0.0740018089945833,
            "Feb-2024": 0.11649085465908415,
            "Jan-2024": -0.05589128817509159,
            "Dec-2023": 0.2018884733097137,
            "Nov-2023": 0.12260651094279429,
            "Oct-2023": 0.06524144983735436,
            "Sep-2023": -0.014582223148733364,
            "Aug-2023": -0.047974919147903305,
            "Jul-2023": 0.00934970659360057,
            "Jun-2023": -0.03270689889429679
        }
    }
}